{"cameraMode":{"drawMode":0,"name":"Shaded","section":"Shading Mode"},"sceneLighting":false,"audioPlay":false,"sceneViewState":{"showFog":true,"showMaterialUpdate":true,"showSkybox":false,"showFlares":true,"showImageEffects":true,"showParticleSystems":true},"in2DMode":false,"pivot":{"x":-6.278191089630127,"y":20.355493545532228,"z":-18.98103141784668},"rotation":{"x":-0.2866002023220062,"y":-0.17492663860321046,"z":0.05330774188041687,"w":-0.9404386281967163},"size":8.575925827026368,"orthographic":false}