{"cameraMode":{"drawMode":0,"name":"Shaded","section":"Shading Mode"},"sceneLighting":true,"audioPlay":false,"sceneViewState":{"showFog":true,"showMaterialUpdate":true,"showSkybox":true,"showFlares":true,"showImageEffects":true,"showParticleSystems":true},"in2DMode":false,"pivot":{"x":2.241702079772949,"y":-9.2598876953125,"z":29.07411003112793},"rotation":{"x":0.7486046552658081,"y":-0.005966745782643557,"z":0.00673770671710372,"w":0.662956953048706},"size":245.80711364746095,"orthographic":false}