{"cameraMode":{"drawMode":0,"name":"Shaded","section":"Shading Mode"},"sceneLighting":false,"audioPlay":false,"sceneViewState":{"showFog":true,"showMaterialUpdate":true,"showSkybox":false,"showFlares":true,"showImageEffects":true,"showParticleSystems":true},"in2DMode":false,"pivot":{"x":-0.619999885559082,"y":1.4700002670288087,"z":4.719999313354492},"rotation":{"x":-0.5868135094642639,"y":0.018697038292884828,"z":-0.013556759804487229,"w":-0.8093955516815186},"size":66.13143920898438,"orthographic":false}