{"cameraMode":{"drawMode":0,"name":"Shaded","section":"Shading Mode"},"sceneLighting":false,"audioPlay":false,"sceneViewState":{"showFog":true,"showMaterialUpdate":true,"showSkybox":false,"showFlares":true,"showImageEffects":true,"showParticleSystems":true},"in2DMode":false,"pivot":{"x":-0.619999885559082,"y":1.4700002670288087,"z":4.719999313354492},"rotation":{"x":0.6920657753944397,"y":0.007578759454190731,"z":-0.007266907021403313,"w":0.7217597365379334},"size":66.13143920898438,"orthographic":false}