{"cameraMode":{"drawMode":0,"name":"Shaded","section":"Shading Mode"},"sceneLighting":false,"audioPlay":false,"sceneViewState":{"showFog":true,"showMaterialUpdate":true,"showSkybox":false,"showFlares":true,"showImageEffects":true,"showParticleSystems":true},"in2DMode":false,"pivot":{"x":-1.6421691179275513,"y":11.824079513549805,"z":-18.3774471282959},"rotation":{"x":0.22833415865898133,"y":-0.016063295304775239,"z":0.0037678079679608347,"w":0.9734439253807068},"size":0.8898770213127136,"orthographic":false}